Welcome to Errection.org, Vítejte v Errection.org
Your premium destination for discerning gentlemen, Vaše prémiová destinace pro náročné gentlemany
Sophisticated pleasures for the modern man, Sofistikované požitky pro moderního muže
Discreet and confidential service, Diskrétní a důvěrná služba
Exclusive collection for gentlemen, Exkluzivní kolekce pro pány
Quality products for discerning tastes, Kvalitní produkty pro náročný vkus
Enhance your intimate moments, Ozvláštněte si své intimní chvíle
Gentleman's choice, Volba gentlemana
Private and secure shopping, Soukromé a bezpečné nakupování
Adult products for mature individuals, Produkty pro dospělé osoby
Age restricted content, Obsah s věkovým omezením
For adults only, Pouze pro dospělé
Intimate wellness, Intimní wellness
Personal care products, Produkty osobní péče
Pleasure and wellness, Požitek a wellness
Confidential packaging, Důvěrné balení
Discreet delivery, Diskrétní doručení
Privacy guaranteed, Zaručena ochrana soukromí
Explore our collection, Prohlédněte si naši kolekci
Find your perfect match, Najděte svou ideální volbu
Recommended for you, Doporučujeme pro vás
Best sellers, Nejprodávanější
New arrivals, Novinky
Premium quality, Prémiová kvalita
Customer satisfaction guaranteed, Zaručena spokojenost zákazníka
Free shipping on orders over, Doprava zdarma při objednávce nad
Express delivery available, Expresní doručení k dispozici
Secure payment options, Bezpečné platební možnosti
