Welcome to Errection.org, Welcome to Errection.org
Your premium destination for discerning gentlemen, Your premium destination for discerning gentlemen
Sophisticated pleasures for the modern man, Sophisticated pleasures for the modern man
Discreet and confidential service, Discreet and confidential service
Exclusive collection for gentlemen, Exclusive collection for gentlemen
Quality products for discerning tastes, Quality products for discerning tastes
Enhance your intimate moments, Enhance your intimate moments
Gentleman's choice, Gentleman's choice
Private and secure shopping, Private and secure shopping
Adult products for mature individuals, Adult products for mature individuals
Age restricted content, Age restricted content
For adults only, For adults only
Intimate wellness, Intimate wellness
Personal care products, Personal care products
Pleasure and wellness, Pleasure and wellness
Confidential packaging, Confidential packaging
Discreet delivery, Discreet delivery
Privacy guaranteed, Privacy guaranteed
Explore our collection, Explore our collection
Find your perfect match, Find your perfect match
Recommended for you, Recommended for you
Best sellers, Best sellers
New arrivals, New arrivals
Premium quality, Premium quality
Customer satisfaction guaranteed, Customer satisfaction guaranteed
Free shipping on orders over, Free shipping on orders over
Express delivery available, Express delivery available
Secure payment options, Secure payment options
